{
  "features": [
    "TP53_R175H",
    "TP53_R248W",
    "TP53_R248Q",
    "TP53_R273H",
    "TP53_R273C",
    "TP53_G245S",
    "TP53_R249S",
    "TP53_Y220C",
    "TP53_C176F",
    "TP53_R282W",
    "TP53_V157F",
    "TP53_R158L",
    "TP53_H179R",
    "BRCA1_185delAG",
    "BRCA1_5382insC",
    "BRCA1_C68G",
    "BRCA1_M1775R",
    "BRCA1_A1685T",
    "BRCA1_C61G",
    "BRCA1_Q1613X",
    "BRCA1_E871X",
    "BRCA2_6174delT",
    "BRCA2_999del5",
    "BRCA2_T2336I",
    "BRCA2_D3036E",
    "BRCA2_D2723H",
    "BRCA2_E1420Q",
    "BRCA2_E886del",
    "KRAS_G12D",
    "KRAS_G12V",
    "KRAS_G12C",
    "KRAS_G12A",
    "KRAS_G12R",
    "KRAS_G13D",
    "KRAS_Q61H",
    "KRAS_Q61L",
    "KRAS_A146T",
    "BRAF_V600E",
    "BRAF_V600K",
    "BRAF_K601E",
    "BRAF_L597V",
    "BRAF_G469A",
    "BRAF_G466V",
    "BRAF_D594G",
    "PIK3CA_H1047R",
    "PIK3CA_E545K",
    "PIK3CA_E542K",
    "PIK3CA_H1047L",
    "PIK3CA_N345K",
    "PIK3CA_C420R",
    "PIK3CA_E546K",
    "PIK3CA_S726F",
    "PIK3CA_G1049R",
    "EGFR_L858R",
    "EGFR_T790M",
    "EGFR_E746del",
    "EGFR_G719S",
    "EGFR_L861Q",
    "EGFR_S768I",
    "EGFR_A289V",
    "EGFR_R108K",
    "PTEN_R130G",
    "PTEN_R130Q",
    "PTEN_R173C",
    "PTEN_C233X",
    "PTEN_C136R",
    "PTEN_K234N",
    "PTEN_G42V",
    "PTEN_L317R"
  ],
  "cancer_types": [
    "bladder",
    "brain",
    "breast",
    "colorectal",
    "esophageal",
    "liver",
    "lung",
    "ovarian",
    "pancreatic",
    "prostate",
    "skin"
  ],
  "accuracy": 0.952,
  "classification_report": {
    "bladder": {
      "precision": 0.9120879120879121,
      "recall": 0.8924731182795699,
      "f1-score": 0.9021739130434783,
      "support": 93.0
    },
    "brain": {
      "precision": 1.0,
      "recall": 1.0,
      "f1-score": 1.0,
      "support": 88.0
    },
    "breast": {
      "precision": 1.0,
      "recall": 1.0,
      "f1-score": 1.0,
      "support": 87.0
    },
    "colorectal": {
      "precision": 1.0,
      "recall": 0.989247311827957,
      "f1-score": 0.9945945945945946,
      "support": 93.0
    },
    "esophageal": {
      "precision": 0.8037383177570093,
      "recall": 0.8958333333333334,
      "f1-score": 0.8472906403940886,
      "support": 96.0
    },
    "liver": {
      "precision": 0.9655172413793104,
      "recall": 0.8936170212765957,
      "f1-score": 0.9281767955801105,
      "support": 94.0
    },
    "lung": {
      "precision": 1.0,
      "recall": 1.0,
      "f1-score": 1.0,
      "support": 91.0
    },
    "ovarian": {
      "precision": 0.9213483146067416,
      "recall": 0.8913043478260869,
      "f1-score": 0.9060773480662984,
      "support": 92.0
    },
    "pancreatic": {
      "precision": 0.9655172413793104,
      "recall": 1.0,
      "f1-score": 0.9824561403508771,
      "support": 84.0
    },
    "prostate": {
      "precision": 0.989247311827957,
      "recall": 0.968421052631579,
      "f1-score": 0.9787234042553191,
      "support": 95.0
    },
    "skin": {
      "precision": 0.9431818181818182,
      "recall": 0.9540229885057471,
      "f1-score": 0.9485714285714286,
      "support": 87.0
    },
    "accuracy": 0.952,
    "macro avg": {
      "precision": 0.954603468838187,
      "recall": 0.9531744703346244,
      "f1-score": 0.9534603877141996,
      "support": 1000.0
    },
    "weighted avg": {
      "precision": 0.9536444810436603,
      "recall": 0.952,
      "f1-score": 0.9523778609742465,
      "support": 1000.0
    }
  },
  "top_features": {
    "TP53_R249S": 0.0871,
    "BRAF_V600K": 0.0711,
    "EGFR_A289V": 0.067,
    "KRAS_G13D": 0.0389,
    "BRCA2_999del5": 0.0357,
    "KRAS_G12V": 0.0355,
    "PTEN_R130G": 0.0344,
    "KRAS_G12R": 0.0342,
    "PTEN_R130Q": 0.0338,
    "KRAS_A146T": 0.0315
  },
  "training_samples": 4000,
  "test_samples": 1000
}